{"presets":{"Dolce":{"announcement_bar_background":"#f8f3f0","announcement_bar_text_color":"#5a3b21","pre_scroll_background":"#ffffff","pre_scroll_navigation":"#000000","pre_scroll_navigation_hover":"#000000","scroll_background":"#ffffff","scroll_navigation_color":"#000000","scroll_navigation_hover":"#000000","background":"#ffffff","header_color":"#000000","text_color":"#000000","link_color":"#000000","sale_color":"#c50000","dotted_color":"#e5e5e5","button_color":"#000000","button_hover":"#000000","button_text":"#ffffff","secondary_button_color":"#f8f3f0","secondary_button_hover":"#c2b6ac","secondary_button_text":"#000","new_background":"#ededed","new_color":"#535353","sale_icon_background":"#9d0000","sale_icon_color":"#ffffff","so_background":"#000000","so_color":"#ffffff","product_note_color":"#000000","product_note_background":"#f8f8f8","footer_border":"#dddddd","footer_background":"#ffffff","footer_text":"#000000","footer_link_color":"#000000","footer_icons_color":"#000000","footer_icons_hover":"#000000","footer_input":"#ffffff","footer_input_text":"#000000","footer_button":"#000000","footer_button_text":"#ffffff","main_font":"lato_n4","heading_font":"open_sans_n4","nav_font":"montserrat_n4","font-size":13,"h1-size":22,"h2-size":18,"h3-size":16,"h4-size":16,"h5":14,"nav_size":14,"section_title_border":1,"section_title_align":"center","breadcrumb":true,"image_flip":true,"vendor":false,"quickview":true,"show_payment_button":false,"details_align":"center","max-height":false,"desktop_image_height":"","tablet_image_height":"","mobile_image_height":"","cart_notes_enable":false,"ajax_cart_method":"drawer","twittername":"https:\/\/twitter.com\/undergrndmedia","facebook_url":"https:\/\/www.facebook.com\/ugmedia","pinterest_url":"","tumblr_url":"","youtube_url":"","googleplus_url":"","instagram-id":"","snapchat-id":"","weibo-id":"","popup":false,"email_image":"","favicon":"","show_multiple_currencies":false,"currency_format":"money_with_currency_format","supported_currencies":"INR GBP CAD AUD EUR JPY","default_currency":"USD","checkout_header_image":"","checkout_logo_image":"","checkout_logo_position":"left","checkout_logo_size":"medium","checkout_body_background_image":"","checkout_body_background_color":"#ffffff","checkout_input_background_color_mode":"white","checkout_sidebar_background_image":"","checkout_sidebar_background_color":"#fafafa","checkout_heading_font":"Helvetica Neue","checkout_body_font":"Helvetica Neue","checkout_accent_color":"#f8f3f0","checkout_button_color":"#5a3b21","checkout_error_color":"#ff6d6d","h5-size":"14px","h6-size":"14px","heading-transform":"none","link-decoration":"underline","navigation-transform":"none","email_popup_image":false,"main_nav":"main-menu","megadropdown_link":"","nav_promo_image":false,"nav_promo":"shopify:\/\/shop_images\/slide2_1a52b8ec-7d4f-4072-9e61-09036ce937cd.jpg","nav_promo_link":"\/collections\/all","mega_1_links":"","mega_2_links":"","mega_3_links":"","mega_4_links":"","mega_1_show":false,"mega_2_show":false,"mega_3_show":false,"mega_4_show":false,"pagelist":"","page-sidebar-title":"Sidebar title","show-map":false,"map":"","password_bg":"yes","show_twitter":true,"show_facebook":true,"show_pinterest":true,"show_tumblr":false,"show_youtube":false,"show_googleplus":false,"show_instagram":true,"show_snapchat":true,"show_weibo":false,"show_rss":true,"bg":"no_bg","background-position":"left top","background-repeat":"no-repeat","logo-color":"#000000","homepage-header-pre_scroll_background":"rgba(0,0,0,0)","homepage-header-background":"#ffffff","homepage-pre_scroll_navigation-color":"#000000","homepage-pre_scroll_navigation-color-hover":"#000000","homepage-navigation-color":"#000000","homepage-navigation-color-hover":"#000000","homepage-header-pre_scroll_background-ros":"#ffffff","homepage-header-background-ros":"#ffffff","homepage-pre_scroll_navigation-color-ros":"#000000","homepage-pre_scroll_navigation-color-hover-ros":"#000000","homepage-pre_scroll_navigation-active-ros":"#000000","homepage-navigation-color-ros":"#000000","homepage-navigation-color-hover-ros":"#000000","link_hover_color":"#000000","read-more-background":"#000000","read-more-hover-background":"#000000","read-more-link-color":"#ffffff","read-more-link-hover-color":"#ffffff","icons":"#000000","icons-hover":"#000000","prod-qv-background":"#000000","prod-qv-text":"#ffffff","prod-qv-background-hover":"#000000","prod-qv-text-hover":"#ffffff","footer_title_color":"#000000","footer_link_hover":"#000000","footer_icons_hover_color":"#000000","footer_button_hover":"#000000","footer_button_text_hover":"#ffffff","icon-font-size":"12px","footer_text_align":"left","footer_title_transform":"uppercase","footer_title_size":"14px","promo_text_weight":"normal","promo_text_size":18,"announcement_text_size":12,"logo_size":20,"logo_transform":"uppercase","logo_weight":"700","dropdown-transform":"uppercase","dropdown-size":"13px","slide-title-size":22,"slide-title-weight":"700","caption-size":14,"cta_size":13,"cta_weight":"400","topbar_font":"'Helvetica Neue', Helvetica, Arial, sans-serif","logo-font":"'Helvetica Neue', Helvetica, Arial, sans-serif","icon-font":"'Helvetica Neue', Helvetica, Arial, sans-serif","slide-title-font":"'Roboto', sans-serif;","caption-font":"'Roboto', sans-serif;","parallax-font":"'Helvetica Neue', Helvetica, Arial, sans-serif","promo-font":"'Helvetica Neue', Helvetica, Arial, sans-serif","mailchimp":"","show-facebook-like":true,"show_product_sidebar":false,"enable-zoom":true,"thumbnails":"right","product-vendor":false,"show-sku":true,"product-note":"","checkout_use_header_image":false,"checkout_logo":"","checkout_use_body_background_image":false,"checkout_use_sidebar_background_image":false,"all-collections":"","products_per_row":"4","products_per_page":"24","show_collection_sidebar":false,"sticky-sidebar":false,"collection_links_1":false,"collection_side_1":"main-menu","collection_links_2":false,"collection_side_2":"","collection_links_3":false,"collection_side_3":"","collection_links_4":false,"collection_side_4":"","shop_by_designer":false,"shop_by_designer_title":"Shop by Designer","show-twitter-feed":"1","twitter-widget":"","sections":{"header":{"type":"header","settings":{"full_width_header":true,"header_cover":false,"header_border":false,"show_announcement_text":true,"announcement_text":"Add a message for your customers","announcement_text_size":12,"announcement_link":"","cart_position":"header","cart_icon":"cart","logo":"","logo_max_width":150,"logo_align":"center","logo_size":22,"logo_transform":"uppercase","logo_weight":"700","nav_style":"full","main_nav":"main-menu"}},"footer":{"type":"footer","blocks":{"1479846461263":{"type":"menu","settings":{"footer_nav":"footer","title":"Explore"}},"1479499878046":{"type":"newsletter","settings":{"title":"Connect"}},"1500907307864":{"type":"text","settings":{"title":"About","footer_text":"<p>Adding text to your footer helps introduce your business to new customers.<\/p>"}}},"block_order":["1479846461263","1500907307864","1479499878046"],"settings":{"footer_text_align":"left","footer_title_transform":"uppercase","footer_title_size":14}},"1478800373635":{"type":"slideshow","blocks":{"1478800373635-0":{"type":"image","settings":{"image":"","heading":"Slide","subheading":"Tell your brand's story through images","slide_text_color":"#000000","link":"","button_text":"Add a button","cta_color":"#ffffff","cta_background":"#000000","caption_horizontal":"left","caption_vertical":50,"caption_background":"rgba(0,0,0,0)","caption_background_opacity":20}},"1478800373635-1":{"type":"image","settings":{"image":"","heading":"Slide","subheading":"Tell your brand's story through images","slide_text_color":"#000000","link":"","button_text":"Button","cta_color":"#ffffff","cta_background":"#000000","caption_horizontal":"left","caption_vertical":50,"caption_background":"rgba(0,0,0,0)","caption_background_opacity":20}}},"block_order":["1478800373635-0","1478800373635-1"],"settings":{"slideshow":"content","slider_speed":8,"slide_heading_size":20,"slide_heading_weight":"700","subheading_size":13,"cta_size":13,"cta_weight":"400"}},"1478800447615":{"type":"parallax-image","settings":{"image":""}},"1478800534081":{"type":"instagram","settings":{"heading":"Follow us on Instagram","instagram_access_token":"","instagram_heading_color":"#000000","instagram_background_color":"#fff"}},"product-template":{"type":"product-template","settings":{"thumbnails":"left","enable_zoom":true,"show_vendor":false,"show_sku":true,"show_quantity_selector":true,"show_payment_button":false,"show_social_share":true,"product_note":""}},"blog-template":{"type":"blog-template","settings":{"image":"","text":"<p>Add some descriptive text to your all collections page.<\/p>"}},"1479856147659":{"type":"featured-blog","settings":{"blog":"","heading":"From the blog","heading_color":"#000","background_color":"#f6f6f6","post_limit":2}},"password-template":{"type":"password-template","settings":{"logo":"","logo_max_width":"600"}},"mobile-navigation":{"type":"mobile-navigation","settings":{"main_nav":"main-menu"}},"1501009425332":{"type":"parallax-image","settings":{"image":""}},"1518209594527":{"type":"gallery","blocks":{"1518209594527-0":{"type":"image","settings":{"image":"","image_width":"33%","link":"","heading":"Our collections","heading_color":"#000000"}},"1518209594527-1":{"type":"image","settings":{"image":"","image_width":"33%","link":"","heading":"Our collections","heading_color":"#010000"}},"1518209594527-2":{"type":"image","settings":{"image":"","image_width":"33%","link":"","heading":"Our collections","heading_color":"#000000"}}},"block_order":["1518209594527-0","1518209594527-1","1518209594527-2"],"settings":{"promo_background_color":"#ffffff","promo_heading_weight":"light","promo_heading_size":24}},"1518209628906":{"type":"featured-collection","settings":{"heading":"Featured collection","heading_color":"#000","background_color":"#fff","collection":"","homepage_product_layout":"carousel","limit":6,"grid":4}}},"content_for_index":["1478800373635","1518209594527","1478800447615","1518209628906","1501009425332","1479856147659","1478800534081"]},"Christian":{"announcement_bar_background":"#f6f6f6","announcement_bar_text_color":"#000000","pre_scroll_background":"rgba(0,0,0,0)","pre_scroll_navigation":"#c2b592","pre_scroll_navigation_hover":"#a09167","scroll_background":"#ffffff","scroll_navigation_color":"#a09167","scroll_navigation_hover":"#c2b592","background":"#ffffff","header_color":"#000000","text_color":"#000000","link_color":"#000000","sale_color":"#c50000","dotted_color":"#e5e5e5","button_color":"#000000","button_hover":"#000000","button_text":"#ffffff","secondary_button_color":"#e3e3e3","secondary_button_hover":"#b5b5b5","secondary_button_text":"#000","new_background":"#000000","new_color":"#ffffff","sale_icon_background":"#9d0000","sale_icon_color":"#ffffff","so_background":"#000000","so_color":"#ffffff","product_note_color":"#000000","product_note_background":"#f8f8f8","footer_border":"#4a4a4a","footer_background":"#000000","footer_text":"#ffffff","footer_link_color":"#ebebeb","footer_icons_color":"#ffffff","footer_icons_hover":"#aaaaaa","footer_input":"#ffffff","footer_input_text":"#000000","footer_button":"#4a4a4a","footer_button_text":"#ffffff","main_font":"open_sans_n4","heading_font":"montserrat_n4","nav_font":"montserrat_n4","font-size":13,"h1-size":22,"h2-size":19,"h3-size":17,"h4-size":16,"h5":15,"nav_size":14,"section_title_border":0,"section_title_align":"center","breadcrumb":true,"image_flip":true,"vendor":true,"quickview":true,"show_payment_button":false,"details_align":"center","max-height":false,"desktop_image_height":"","tablet_image_height":"","mobile_image_height":"","cart_notes_enable":false,"ajax_cart_method":"drawer","twittername":"https:\/\/twitter.com\/undergrndmedia","facebook_url":"https:\/\/www.facebook.com\/ugmedia","pinterest_url":"","tumblr_url":"","youtube_url":"","googleplus_url":"","instagram-id":"","snapchat-id":"","weibo-id":"","popup":false,"email_image":"","favicon":"","show_multiple_currencies":false,"currency_format":"money_with_currency_format","supported_currencies":"INR GBP CAD AUD EUR JPY","default_currency":"USD","checkout_header_image":"","checkout_logo_image":"","checkout_logo_position":"left","checkout_logo_size":"medium","checkout_body_background_image":"","checkout_body_background_color":"#ffffff","checkout_input_background_color_mode":"white","checkout_sidebar_background_image":"","checkout_sidebar_background_color":"#fafafa","checkout_heading_font":"Helvetica Neue","checkout_body_font":"Helvetica Neue","checkout_accent_color":"#c1c1c1","checkout_button_color":"#000000","checkout_error_color":"#ff6d6d","h5-size":"14px","h6-size":"14px","heading-transform":"none","link-decoration":"underline","navigation-transform":"none","email_popup_image":false,"main_nav":"main-menu","megadropdown_link":"","nav_promo_image":false,"nav_promo":"shopify:\/\/shop_images\/slide2_1a52b8ec-7d4f-4072-9e61-09036ce937cd.jpg","nav_promo_link":"\/collections\/all","mega_1_links":"","mega_2_links":"","mega_3_links":"","mega_4_links":"","mega_1_show":false,"mega_2_show":false,"mega_3_show":false,"mega_4_show":false,"pagelist":"","page-sidebar-title":"Sidebar title","show-map":false,"map":"","password_bg":"yes","show_twitter":true,"show_facebook":true,"show_pinterest":true,"show_tumblr":false,"show_youtube":false,"show_googleplus":false,"show_instagram":true,"show_snapchat":true,"show_weibo":false,"show_rss":true,"bg":"no_bg","background-position":"left top","background-repeat":"no-repeat","logo-color":"#000000","homepage-header-pre_scroll_background":"rgba(0,0,0,0)","homepage-header-background":"#ffffff","homepage-pre_scroll_navigation-color":"#000000","homepage-pre_scroll_navigation-color-hover":"#000000","homepage-navigation-color":"#000000","homepage-navigation-color-hover":"#000000","homepage-header-pre_scroll_background-ros":"#ffffff","homepage-header-background-ros":"#ffffff","homepage-pre_scroll_navigation-color-ros":"#000000","homepage-pre_scroll_navigation-color-hover-ros":"#000000","homepage-pre_scroll_navigation-active-ros":"#000000","homepage-navigation-color-ros":"#000000","homepage-navigation-color-hover-ros":"#000000","link_hover_color":"#000000","read-more-background":"#000000","read-more-hover-background":"#000000","read-more-link-color":"#ffffff","read-more-link-hover-color":"#ffffff","icons":"#000000","icons-hover":"#000000","prod-qv-background":"#000000","prod-qv-text":"#ffffff","prod-qv-background-hover":"#000000","prod-qv-text-hover":"#ffffff","footer_title_color":"#000000","footer_link_hover":"#000000","footer_icons_hover_color":"#000000","footer_button_hover":"#000000","footer_button_text_hover":"#ffffff","icon-font-size":"12px","footer_text_align":"left","footer_title_transform":"uppercase","footer_title_size":"14px","promo_text_weight":"normal","promo_text_size":18,"announcement_text_size":12,"logo_size":20,"logo_transform":"uppercase","logo_weight":"700","dropdown-transform":"uppercase","dropdown-size":"13px","slide-title-size":22,"slide-title-weight":"700","caption-size":14,"cta_size":13,"cta_weight":"400","topbar_font":"'Helvetica Neue', Helvetica, Arial, sans-serif","logo-font":"'Helvetica Neue', Helvetica, Arial, sans-serif","icon-font":"'Helvetica Neue', Helvetica, Arial, sans-serif","slide-title-font":"'Roboto', sans-serif;","caption-font":"'Roboto', sans-serif;","parallax-font":"'Helvetica Neue', Helvetica, Arial, sans-serif","promo-font":"'Helvetica Neue', Helvetica, Arial, sans-serif","mailchimp":"","show-facebook-like":true,"show_product_sidebar":false,"enable-zoom":true,"thumbnails":"right","product-vendor":false,"show-sku":true,"product-note":"","checkout_use_header_image":false,"checkout_logo":"","checkout_use_body_background_image":false,"checkout_use_sidebar_background_image":false,"all-collections":"","products_per_row":"4","products_per_page":"24","show_collection_sidebar":false,"sticky-sidebar":false,"collection_links_1":false,"collection_side_1":"main-menu","collection_links_2":false,"collection_side_2":"","collection_links_3":false,"collection_side_3":"","collection_links_4":false,"collection_side_4":"","shop_by_designer":false,"shop_by_designer_title":"Shop by Designer","show-twitter-feed":"1","twitter-widget":"","sections":{"header":{"type":"header","settings":{"full_width_header":true,"header_cover":true,"header_border":false,"show_announcement_text":true,"announcement_text":"Add a message for your customers","announcement_text_size":13,"announcement_link":"","cart_position":"header","cart_icon":"bag","logo":"","logo_max_width":180,"logo_align":"center","logo_size":22,"logo_transform":"uppercase","logo_weight":"400","nav_style":"full","main_nav":"main-menu"}},"footer":{"type":"footer","blocks":{"1479846461263":{"type":"menu","settings":{"footer_nav":"footer","title":"Explore"}},"1479499878046":{"type":"newsletter","settings":{"title":"Connect"}},"1500907307864":{"type":"text","settings":{"title":"About","footer_text":"<p>Adding text to your footer helps introduce your business to new customers.<\/p>"}}},"block_order":["1479846461263","1479499878046","1500907307864"],"settings":{"footer_text_align":"left","footer_title_transform":"uppercase","footer_title_size":14}},"1478800373635":{"type":"slideshow","blocks":{"1478800373635-0":{"type":"image","settings":{"image":"","heading":"Slide","subheading":"Tell your brand's story through images","slide_text_color":"#000000","link":"","button_text":"Add a button","cta_color":"#ffffff","cta_background":"#000000","caption_horizontal":"left","caption_vertical":50,"caption_background":"rgba(0,0,0,0)","caption_background_opacity":20}},"1478800373635-1":{"type":"image","settings":{"image":"","heading":"Slide","subheading":"Tell your brand's story through images","slide_text_color":"#000000","link":"","button_text":"Button","cta_color":"#ffffff","cta_background":"#000000","caption_horizontal":"left","caption_vertical":50,"caption_background":"rgba(0,0,0,0)","caption_background_opacity":20}}},"block_order":["1478800373635-0","1478800373635-1"],"settings":{"slideshow":"content","slider_speed":8,"slide_heading_size":20,"slide_heading_weight":"700","subheading_size":13,"cta_size":13,"cta_weight":"400"}},"1478800447615":{"type":"parallax-image","settings":{"image":""}},"1478800534081":{"type":"instagram","settings":{"heading":"Follow us on Instagram","instagram_access_token":"","instagram_heading_color":"#000000","instagram_background_color":"#fff"}},"product-template":{"type":"product-template","settings":{"thumbnails":"left","enable_zoom":true,"show_vendor":false,"show_sku":true,"show_quantity_selector":true,"show_payment_button":false,"show_social_share":true,"product_note":""}},"blog-template":{"type":"blog-template","settings":{"image":"","text":"<p>Add some descriptive text to your all collections page.<\/p>"}},"1479856147659":{"type":"featured-blog","settings":{"blog":"","heading":"From the blog","heading_color":"#000","background_color":"#f6f6f6","post_limit":2}},"password-template":{"type":"password-template","settings":{"logo":"","logo_max_width":"600"}},"mobile-navigation":{"type":"mobile-navigation","settings":{"main_nav":"main-menu"}},"1501009425332":{"type":"parallax-image","settings":{"image":""}},"1518209594527":{"type":"gallery","blocks":{"1518209594527-0":{"type":"image","settings":{"image":"","image_width":"33%","link":"","heading":"Our collections","heading_color":"#000000"}},"1518209594527-1":{"type":"image","settings":{"image":"","image_width":"33%","link":"","heading":"Our collections","heading_color":"#010000"}},"1518209594527-2":{"type":"image","settings":{"image":"","image_width":"33%","link":"","heading":"Our collections","heading_color":"#000000"}}},"block_order":["1518209594527-0","1518209594527-1","1518209594527-2"],"settings":{"promo_background_color":"#ffffff","promo_heading_weight":"light","promo_heading_size":24}},"1518209628906":{"type":"featured-collection","settings":{"heading":"Featured collection","heading_color":"#000","background_color":"#fff","collection":"","homepage_product_layout":"carousel","limit":6,"grid":4}}},"content_for_index":["1478800373635","1518209594527","1478800447615","1518209628906","1501009425332","1479856147659","1478800534081"]},"Yves":{"announcement_bar_background":"#000000","announcement_bar_text_color":"#ffffff","pre_scroll_background":"#ffffff","pre_scroll_navigation":"#000000","pre_scroll_navigation_hover":"#000000","scroll_background":"#ffffff","scroll_navigation_color":"#000000","scroll_navigation_hover":"#000000","background":"#ffffff","header_color":"#000000","text_color":"#000000","link_color":"#000000","sale_color":"#c50000","dotted_color":"#e5e5e5","button_color":"#000000","button_hover":"#000000","button_text":"#ffffff","secondary_button_color":"#e3e3e3","secondary_button_hover":"#b5b5b5","secondary_button_text":"#000","new_background":"#000000","new_color":"#ffffff","sale_icon_background":"#9d0000","sale_icon_color":"#ffffff","so_background":"#000000","so_color":"#ffffff","product_note_color":"#000000","product_note_background":"#f8f8f8","footer_border":"#dddddd","footer_background":"#f5f5f5","footer_text":"#000000","footer_link_color":"#000000","footer_icons_color":"#000000","footer_icons_hover":"#000000","footer_input":"#ffffff","footer_input_text":"#000000","footer_button":"#000000","footer_button_text":"#ffffff","main_font":"lato_n4","heading_font":"open_sans_n4","nav_font":"montserrat_n4","font-size":13,"h1-size":22,"h2-size":19,"h3-size":17,"h4-size":16,"h5":15,"nav_size":14,"section_title_border":1,"section_title_align":"center","breadcrumb":true,"image_flip":true,"vendor":true,"quickview":true,"show_payment_button":false,"details_align":"center","max-height":false,"desktop_image_height":"","tablet_image_height":"","mobile_image_height":"","cart_notes_enable":false,"ajax_cart_method":"drawer","twittername":"https:\/\/twitter.com\/undergrndmedia","facebook_url":"https:\/\/www.facebook.com\/ugmedia","pinterest_url":"","tumblr_url":"","youtube_url":"","googleplus_url":"","instagram-id":"","snapchat-id":"","weibo-id":"","popup":false,"email_image":"","favicon":"","show_multiple_currencies":false,"currency_format":"money_with_currency_format","supported_currencies":"INR GBP CAD AUD EUR JPY","default_currency":"USD","checkout_header_image":"","checkout_logo_image":"","checkout_logo_position":"left","checkout_logo_size":"medium","checkout_body_background_image":"","checkout_body_background_color":"#ffffff","checkout_input_background_color_mode":"white","checkout_sidebar_background_image":"","checkout_sidebar_background_color":"#fafafa","checkout_heading_font":"Helvetica Neue","checkout_body_font":"Helvetica Neue","checkout_accent_color":"#c1c1c1","checkout_button_color":"#000000","checkout_error_color":"#ff6d6d","h5-size":"14px","h6-size":"14px","heading-transform":"none","link-decoration":"underline","navigation-transform":"none","email_popup_image":false,"main_nav":"main-menu","megadropdown_link":"","nav_promo_image":false,"nav_promo":"shopify:\/\/shop_images\/slide2_1a52b8ec-7d4f-4072-9e61-09036ce937cd.jpg","nav_promo_link":"\/collections\/all","mega_1_links":"","mega_2_links":"","mega_3_links":"","mega_4_links":"","mega_1_show":false,"mega_2_show":false,"mega_3_show":false,"mega_4_show":false,"pagelist":"","page-sidebar-title":"Sidebar title","show-map":false,"map":"","password_bg":"yes","show_twitter":true,"show_facebook":true,"show_pinterest":true,"show_tumblr":false,"show_youtube":false,"show_googleplus":false,"show_instagram":true,"show_snapchat":true,"show_weibo":false,"show_rss":true,"bg":"no_bg","background-position":"left top","background-repeat":"no-repeat","logo-color":"#000000","homepage-header-pre_scroll_background":"rgba(0,0,0,0)","homepage-header-background":"#ffffff","homepage-pre_scroll_navigation-color":"#000000","homepage-pre_scroll_navigation-color-hover":"#000000","homepage-navigation-color":"#000000","homepage-navigation-color-hover":"#000000","homepage-header-pre_scroll_background-ros":"#ffffff","homepage-header-background-ros":"#ffffff","homepage-pre_scroll_navigation-color-ros":"#000000","homepage-pre_scroll_navigation-color-hover-ros":"#000000","homepage-pre_scroll_navigation-active-ros":"#000000","homepage-navigation-color-ros":"#000000","homepage-navigation-color-hover-ros":"#000000","link_hover_color":"#000000","read-more-background":"#000000","read-more-hover-background":"#000000","read-more-link-color":"#ffffff","read-more-link-hover-color":"#ffffff","icons":"#000000","icons-hover":"#000000","prod-qv-background":"#000000","prod-qv-text":"#ffffff","prod-qv-background-hover":"#000000","prod-qv-text-hover":"#ffffff","footer_title_color":"#000000","footer_link_hover":"#000000","footer_icons_hover_color":"#000000","footer_button_hover":"#000000","footer_button_text_hover":"#ffffff","icon-font-size":"12px","footer_text_align":"left","footer_title_transform":"uppercase","footer_title_size":"14px","promo_text_weight":"normal","promo_text_size":18,"announcement_text_size":12,"logo_size":20,"logo_transform":"uppercase","logo_weight":"700","dropdown-transform":"uppercase","dropdown-size":"13px","slide-title-size":22,"slide-title-weight":"700","caption-size":14,"cta_size":13,"cta_weight":"400","topbar_font":"'Helvetica Neue', Helvetica, Arial, sans-serif","logo-font":"'Helvetica Neue', Helvetica, Arial, sans-serif","icon-font":"'Helvetica Neue', Helvetica, Arial, sans-serif","slide-title-font":"'Roboto', sans-serif;","caption-font":"'Roboto', sans-serif;","parallax-font":"'Helvetica Neue', Helvetica, Arial, sans-serif","promo-font":"'Helvetica Neue', Helvetica, Arial, sans-serif","mailchimp":"","show-facebook-like":true,"show_product_sidebar":false,"enable-zoom":true,"thumbnails":"right","product-vendor":false,"show-sku":true,"product-note":"","checkout_use_header_image":false,"checkout_logo":"","checkout_use_body_background_image":false,"checkout_use_sidebar_background_image":false,"all-collections":"","products_per_row":"4","products_per_page":"24","show_collection_sidebar":false,"sticky-sidebar":false,"collection_links_1":false,"collection_side_1":"main-menu","collection_links_2":false,"collection_side_2":"","collection_links_3":false,"collection_side_3":"","collection_links_4":false,"collection_side_4":"","shop_by_designer":false,"shop_by_designer_title":"Shop by Designer","show-twitter-feed":"1","twitter-widget":"","sections":{"header":{"type":"header","settings":{"full_width_header":false,"header_cover":false,"header_border":false,"show_announcement_text":true,"announcement_text":"Add a message for your customers","announcement_text_size":13,"announcement_link":"","cart_position":"header","cart_icon":"cart","logo":"","logo_max_width":180,"logo_align":"left","logo_size":22,"logo_transform":"uppercase","logo_weight":"700","nav_style":"full","main_nav":"main-menu"}},"footer":{"type":"footer","blocks":{"1479846461263":{"type":"menu","settings":{"footer_nav":"footer","title":"Explore"}},"1500907307864":{"type":"text","settings":{"title":"About","footer_text":"<p>Adding text to your footer helps introduce your business to new customers.<\/p>"}},"1479499878046":{"type":"newsletter","settings":{"title":"Connect"}}},"block_order":["1479846461263","1479499878046","1500907307864"],"settings":{"footer_text_align":"left","footer_title_transform":"uppercase","footer_title_size":14}},"1478800373635":{"type":"slideshow","blocks":{"1478800373635-0":{"type":"image","settings":{"image":"","heading":"Slide","subheading":"Tell your brand's story through images","slide_text_color":"#000000","link":"","button_text":"Add a button","cta_color":"#ffffff","cta_background":"#000000","caption_horizontal":"left","caption_vertical":50,"caption_background":"rgba(0,0,0,0)","caption_background_opacity":20}},"1478800373635-1":{"type":"image","settings":{"image":"","heading":"Slide","subheading":"Tell your brand's story through images","slide_text_color":"#000000","link":"","button_text":"Button","cta_color":"#ffffff","cta_background":"#000000","caption_horizontal":"left","caption_vertical":50,"caption_background":"rgba(0,0,0,0)","caption_background_opacity":20}}},"block_order":["1478800373635-0","1478800373635-1"],"settings":{"slideshow":"content","slider_speed":8,"slide_heading_size":20,"slide_heading_weight":"700","subheading_size":13,"cta_size":13,"cta_weight":"400"}},"1478800447615":{"type":"parallax-image","settings":{"image":""}},"1478800534081":{"type":"instagram","settings":{"heading":"Follow us on Instagram","instagram_access_token":"","instagram_heading_color":"#000000","instagram_background_color":"#fff"}},"product-template":{"type":"product-template","settings":{"thumbnails":"left","enable_zoom":true,"show_vendor":false,"show_sku":true,"show_quantity_selector":true,"show_payment_button":false,"show_social_share":true,"product_note":""}},"blog-template":{"type":"blog-template","settings":{"image":"","text":"<p>Add some descriptive text to your all collections page.<\/p>"}},"1479856147659":{"type":"featured-blog","settings":{"blog":"","heading":"From the blog","heading_color":"#000","background_color":"#f6f6f6","post_limit":2}},"password-template":{"type":"password-template","settings":{"logo":"","logo_max_width":"600"}},"mobile-navigation":{"type":"mobile-navigation","settings":{"main_nav":"main-menu"}},"1501009425332":{"type":"parallax-image","settings":{"image":""}},"1518209594527":{"type":"gallery","blocks":{"1518209594527-0":{"type":"image","settings":{"image":"","image_width":"33%","link":"","heading":"Our collections","heading_color":"#000000"}},"1518209594527-1":{"type":"image","settings":{"image":"","image_width":"33%","link":"","heading":"Our collections","heading_color":"#010000"}},"1518209594527-2":{"type":"image","settings":{"image":"","image_width":"33%","link":"","heading":"Our collections","heading_color":"#000000"}}},"block_order":["1518209594527-0","1518209594527-1","1518209594527-2"],"settings":{"promo_background_color":"#ffffff","promo_heading_weight":"light","promo_heading_size":24}},"1518209628906":{"type":"featured-collection","settings":{"heading":"Featured collection","heading_color":"#000","background_color":"#fff","collection":"","homepage_product_layout":"carousel","limit":6,"grid":4}}},"content_for_index":["1478800373635","1518209594527","1478800447615","1518209628906","1501009425332","1479856147659","1478800534081"]}},"current":{"announcement_bar_background":"#f8f3f0","announcement_bar_text_color":"#ffffff","pre_scroll_background":"#ffffff","pre_scroll_navigation":"#000000","pre_scroll_navigation_hover":"#b0b0b0","scroll_background":"#ffffff","scroll_navigation_color":"#000000","scroll_navigation_hover":"#b0b0b0","background":"#ffffff","header_color":"#000000","text_color":"#000000","link_color":"#000000","sale_color":"#c50000","dotted_color":"#e5e5e5","button_color":"#000000","button_hover":"#000000","button_text":"#ffffff","secondary_button_color":"#f8f3f0","secondary_button_hover":"#c2b6ac","secondary_button_text":"#000","new_background":"#ededed","new_color":"#535353","sale_icon_background":"#9d0000","sale_icon_color":"#ffffff","so_background":"#000000","so_color":"#ffffff","product_note_color":"#000000","product_note_background":"#f8f8f8","footer_border":"#dddddd","footer_background":"#ffffff","footer_text":"#000000","footer_link_color":"#000000","footer_icons_color":"#000000","footer_icons_hover":"#000000","footer_input":"#ffffff","footer_input_text":"#000000","footer_button":"#000000","footer_button_text":"#ffffff","main_font":"lato_n4","nav_font":"montserrat_n4","heading_font":"open_sans_n4","font-size":13,"h1-size":22,"h2-size":18,"h3-size":16,"h4-size":16,"h5":14,"nav_size":14,"section_title_border":1,"section_title_align":"center","breadcrumb":true,"image_flip":true,"vendor":false,"quickview":true,"show_payment_button":false,"details_align":"center","max-height":false,"desktop_image_height":"","tablet_image_height":"","mobile_image_height":"","cart_notes_enable":false,"ajax_cart_method":"drawer","twittername":"https:\/\/twitter.com\/undergrndmedia","facebook_url":"https:\/\/www.facebook.com\/ugmedia","pinterest_url":"","tumblr_url":"","youtube_url":"","googleplus_url":"https:\/\/plus.google.com\/+shopify","instagram-id":"shopify","snapchat-id":"","weibo-id":"","popup":false,"email_image":"","favicon":"","show_multiple_currencies":false,"currency_format":"money_with_currency_format","supported_currencies":"INR GBP CAD AUD EUR JPY","default_currency":"USD","checkout_header_image":"","checkout_logo_image":"","checkout_logo_position":"left","checkout_logo_size":"medium","checkout_body_background_image":"","checkout_body_background_color":"#ffffff","checkout_input_background_color_mode":"white","checkout_sidebar_background_image":"","checkout_sidebar_background_color":"#fafafa","checkout_heading_font":"Helvetica Neue","checkout_body_font":"Helvetica Neue","checkout_accent_color":"#f8f3f0","checkout_button_color":"#5a3b21","checkout_error_color":"#ff6d6d","h5-size":"14px","h6-size":"14px","heading-transform":"none","link-decoration":"underline","navigation-transform":"none","email_popup_image":false,"main_nav":"main-menu","megadropdown_link":"","nav_promo_image":false,"nav_promo":"shopify:\/\/shop_images\/slide2_1a52b8ec-7d4f-4072-9e61-09036ce937cd.jpg","nav_promo_link":"\/collections\/all","mega_1_links":"","mega_2_links":"","mega_3_links":"","mega_4_links":"","mega_1_show":false,"mega_2_show":false,"mega_3_show":false,"mega_4_show":false,"pagelist":"","page-sidebar-title":"Sidebar title","show-map":false,"map":"","password_bg":"yes","show_twitter":true,"show_facebook":true,"show_pinterest":true,"show_tumblr":false,"show_youtube":false,"show_googleplus":false,"show_instagram":true,"show_snapchat":true,"show_weibo":false,"show_rss":true,"bg":"no_bg","background-position":"left top","background-repeat":"no-repeat","logo-color":"#000000","homepage-header-pre_scroll_background":"rgba(0,0,0,0)","homepage-header-background":"#ffffff","homepage-pre_scroll_navigation-color":"#000000","homepage-pre_scroll_navigation-color-hover":"#000000","homepage-navigation-color":"#000000","homepage-navigation-color-hover":"#000000","homepage-header-pre_scroll_background-ros":"#ffffff","homepage-header-background-ros":"#ffffff","homepage-pre_scroll_navigation-color-ros":"#000000","homepage-pre_scroll_navigation-color-hover-ros":"#000000","homepage-pre_scroll_navigation-active-ros":"#000000","homepage-navigation-color-ros":"#000000","homepage-navigation-color-hover-ros":"#000000","link_hover_color":"#000000","read-more-background":"#000000","read-more-hover-background":"#000000","read-more-link-color":"#ffffff","read-more-link-hover-color":"#ffffff","icons":"#000000","icons-hover":"#000000","prod-qv-background":"#000000","prod-qv-text":"#ffffff","prod-qv-background-hover":"#000000","prod-qv-text-hover":"#ffffff","footer_title_color":"#000000","footer_link_hover":"#000000","footer_icons_hover_color":"#000000","footer_button_hover":"#000000","footer_button_text_hover":"#ffffff","icon-font-size":"12px","footer_text_align":"left","footer_title_transform":"uppercase","footer_title_size":"14px","promo_text_weight":"normal","promo_text_size":18,"announcement_text_size":12,"logo_size":20,"logo_transform":"uppercase","logo_weight":"700","dropdown-transform":"uppercase","dropdown-size":"13px","slide-title-size":22,"slide-title-weight":"700","caption-size":14,"cta_size":13,"cta_weight":"400","topbar_font":"'Helvetica Neue', Helvetica, Arial, sans-serif","logo-font":"'Helvetica Neue', Helvetica, Arial, sans-serif","icon-font":"'Helvetica Neue', Helvetica, Arial, sans-serif","slide-title-font":"'Roboto', sans-serif;","caption-font":"'Roboto', sans-serif;","parallax-font":"'Helvetica Neue', Helvetica, Arial, sans-serif","promo-font":"'Helvetica Neue', Helvetica, Arial, sans-serif","mailchimp":"","show-facebook-like":true,"show_product_sidebar":false,"enable-zoom":true,"thumbnails":"right","product-vendor":false,"show-sku":true,"product-note":"","checkout_use_header_image":false,"checkout_logo":"","checkout_use_body_background_image":false,"checkout_use_sidebar_background_image":false,"all-collections":"","products_per_row":"4","products_per_page":"24","show_collection_sidebar":false,"sticky-sidebar":false,"collection_links_1":false,"collection_side_1":"main-menu","collection_links_2":false,"collection_side_2":"","collection_links_3":false,"collection_side_3":"","collection_links_4":false,"collection_side_4":"","shop_by_designer":false,"shop_by_designer_title":"Shop by Designer","show-twitter-feed":"1","twitter-widget":"","sections":{"header":{"type":"header","blocks":{"1556115359305":{"type":"mega_menu","settings":{"menu_item":"","nav_image":"","link":""}}},"block_order":["1556115359305"],"settings":{"full_width_header":false,"header_cover":false,"header_border":false,"show_announcement_text":false,"announcement_text":"Add a message for your customers","announcement_text_size":12,"announcement_link":"","cart_position":"header","cart_icon":"cart","logo":"shopify:\/\/shop_images\/PitShopLogo.PNG","logo_max_width":170,"logo_align":"left","logo_size":26,"logo_transform":"uppercase","logo_weight":"700","nav_style":"full","main_nav":"main-menu"}},"footer":{"type":"footer","blocks":{"1556631333232":{"type":"text","settings":{"title":"","footer_text":""}},"1479846461263":{"type":"menu","settings":{"footer_nav":"footer","title":""}},"1556627011719":{"type":"menu","settings":{"footer_nav":"footer-menu-2","title":""}},"1556633916356":{"type":"social","settings":{"footer_nav":"partner-menu","social_subheading":""}},"1556631283363":{"type":"newsletter","settings":{"title":"","mailing_subheading":""}}},"block_order":["1556631333232","1479846461263","1556627011719","1556633916356","1556631283363"],"settings":{"footer_text_align":"left","footer_title_weight":"500","footer_title_transform":"inherit","footer_title_size":20,"show_credit_cards":true}},"1478800373635":{"type":"slideshow","blocks":{"1478800373635-0":{"type":"image","settings":{"image":"shopify:\/\/shop_images\/grey.PNG","heading":"[ MAIN FEATURE BANNER ]","subheading":"DESKTOP 1650 X 583     MOBILE 768 X 424","slide_text_color":"#000000","link":"","button_text":"Add a button","cta_color":"#ffffff","cta_background":"#000000","caption_horizontal":"center","caption_vertical":30,"caption_background":"rgba(0,0,0,0)","caption_background_opacity":20}},"1478800373635-1":{"type":"image","settings":{"image":"shopify:\/\/shop_images\/grey.PNG","heading":"[ MAIN FEATURE BANNER ]","subheading":"DESKTOP 1650 X 583     MOBILE 768 X 424","slide_text_color":"#000000","link":"","button_text":"Button","cta_color":"#ffffff","cta_background":"#000000","caption_horizontal":"center","caption_vertical":30,"caption_background":"rgba(0,0,0,0)","caption_background_opacity":20}}},"block_order":["1478800373635-0","1478800373635-1"],"settings":{"slideshow":"background","slider_speed":6,"slide_heading_size":20,"slide_heading_weight":"700","subheading_size":13,"cta_size":13,"cta_weight":"400"}},"product-template":{"type":"product-template","settings":{"thumbnails":"left","enable_zoom":true,"show_vendor":false,"show_sku":true,"show_quantity_selector":true,"show_payment_button":false,"show_social_share":true,"product_note":""}},"blog-template":{"type":"blog-template","settings":{"image":"","text":"<p>Add some descriptive text to your all collections page.<\/p>","blog_sidebar":true,"recent_posts":true,"recent_title":"Explore","post_tags":true,"tags_title":"Categories","show_facebook_like":true,"facebook_title":"Connect"}},"password-template":{"type":"password-template","settings":{"newsletter_details":"<p>Coming Soon<\/p><p>Signup for our newsletter and get updated when we launch our site <a href=\"https:\/\/example.com\/\">see our newsletter policy.<\/a><\/p>","text_size":18,"text_color":"#000000","logo":"","logo_max_width":"600","background_color":"#f5f5f5","background_image":"","show_overlay_color":false,"background_overlay_color":"#f5f5f5","overlay_color_opacity":80,"border_color":"#000000","button_color":"#000000","button_text_color":"#ffffff"}},"mobile-navigation":{"type":"mobile-navigation","settings":{"main_nav":"main-menu"}},"1518209628906":{"type":"featured-collection","settings":{"heading":"","heading_color":"#000","background_color":"#fff","collection":"frontpage","homepage_product_layout":"carousel","limit":12,"grid":4}},"1556115138036":{"type":"rich-text","settings":{"heading":"SHOP BY TRACK","heading_color":"#000000","background_color":"#ffffff","rich_text":"","page":""}},"1556127688155":{"type":"parallax-image","settings":{"image":"shopify:\/\/shop_images\/OfficialRaceGearParallax.PNG","image-height":"400px","mobile-image-enable":true,"mobile-image":"shopify:\/\/shop_images\/OfficialRaceGearParallax.PNG"}},"1556134282285":{"type":"rich-text","settings":{"heading":"TOP SELLING FAN GEAR","heading_color":"#000","background_color":"#fff","rich_text":"","page":""}},"1556218583355":{"type":"Parallax-banner","settings":{"image":"shopify:\/\/shop_images\/1650x82.jpg","image-height":"82px","mobile-image-enable":true,"mobile-image":"shopify:\/\/shop_images\/1650x82.jpg"}},"1556220563255":{"type":"Parallax-banner","settings":{"image":"shopify:\/\/shop_images\/1650x82.jpg","image-height":"82px","mobile-image-enable":true,"mobile-image":"shopify:\/\/shop_images\/1650x82.jpg"}},"1556630115057":{"type":"rich-text","settings":{"heading":"Questions? Call 1-855-555-1234","heading_color":"#000","background_color":"#ffffff","rich_text":"","page":""}},"1556653963857":{"type":"banner","settings":{"image":"shopify:\/\/shop_images\/1475x365.jpg","image-height":"","mobile-image-enable":true,"mobile-image":"shopify:\/\/shop_images\/1475x365.jpg"}},"1556654368333":{"type":"gallery","blocks":{"1556654368333-0":{"type":"image","settings":{"image":"shopify:\/\/shop_images\/357_x_206.jpg","image_width":"25%","image-height":"206px","link":"","heading":"","heading_color":"#ffffff"}},"1556654368333-1":{"type":"image","settings":{"image":"shopify:\/\/shop_images\/357_x_206.jpg","image_width":"25%","image-height":"","link":"","heading":"","heading_color":"#ffffff"}},"1556654368333-2":{"type":"image","settings":{"image":"shopify:\/\/shop_images\/357_x_206.jpg","image_width":"25%","image-height":"","link":"","heading":"","heading_color":"#ffffff"}},"1556654511895":{"type":"image","settings":{"image":"shopify:\/\/shop_images\/357_x_206.jpg","image_width":"25%","image-height":"206px","link":"","heading":"","heading_color":"#ffffff"}},"1556654575559":{"type":"image","settings":{"image":"shopify:\/\/shop_images\/357_x_206.jpg","image_width":"25%","image-height":"","link":"","heading":"","heading_color":"#ffffff"}},"1556654586265":{"type":"image","settings":{"image":"shopify:\/\/shop_images\/357_x_206.jpg","image_width":"25%","image-height":"","link":"","heading":"","heading_color":"#ffffff"}},"1556654600232":{"type":"image","settings":{"image":"shopify:\/\/shop_images\/357_x_206.jpg","image_width":"25%","image-height":"","link":"","heading":"","heading_color":"#ffffff"}},"1556654609783":{"type":"image","settings":{"image":"shopify:\/\/shop_images\/357_x_206.jpg","image_width":"25%","image-height":"","link":"","heading":"","heading_color":"#ffffff"}},"1556654617422":{"type":"image","settings":{"image":"shopify:\/\/shop_images\/357_x_206.jpg","image_width":"25%","image-height":"","link":"","heading":"","heading_color":"#ffffff"}},"1556654625111":{"type":"image","settings":{"image":"shopify:\/\/shop_images\/357_x_206.jpg","image_width":"25%","image-height":"","link":"","heading":"","heading_color":"#ffffff"}},"1556654632801":{"type":"image","settings":{"image":"shopify:\/\/shop_images\/357_x_206.jpg","image_width":"25%","image-height":"","link":"","heading":"","heading_color":"#ffffff"}},"1556654673604":{"type":"image","settings":{"image":"shopify:\/\/shop_images\/357_x_206_ALL.jpg","image_width":"25%","image-height":"","link":"","heading":"","heading_color":"#ffffff"}}},"block_order":["1556654368333-0","1556654368333-1","1556654368333-2","1556654511895","1556654575559","1556654586265","1556654600232","1556654609783","1556654617422","1556654625111","1556654632801","1556654673604"],"settings":{"promo_background_color":"#ffffff","promo_heading_weight":"light","homepage_gallery_layout":"grid","promo_heading_size":20}}},"content_for_index":["1556218583355","1478800373635","1556115138036","1556653963857","1556654368333","1556134282285","1518209628906","1556127688155","1556220563255","1556630115057"]}}